{
  "model": "Qwen/Qwen3-0.6B",
  "n_sequences": "all",
  "seq_len": 2048,
  "stride": 1024,
  "block_size": 16,
  "runs": [
    {
      "label": "fp16",
      "strategies": null
    },
    {
      "label": "fp6_e3m2",
      "strategies": [
        "fp6_e3m2"
      ]
    },
    {
      "label": "fp6_e2m3",
      "strategies": [
        "fp6_e2m3"
      ]
    },
    {
      "label": "adaptive(fp6_e3m2,fp6_e2m3)",
      "strategies": [
        "fp6_e3m2",
        "fp6_e2m3"
      ]
    }
  ],
  "results": {
    "fp16": {
      "strategies": null,
      "perplexity": 18.428804922123675,
      "load_sec": 2.937169313430786,
      "quant_sec": 0.0,
      "eval_sec": 38.2483651638031,
      "layer_stats": {}
    },
    "fp6_e3m2": {
      "strategies": [
        "fp6_e3m2"
      ],
      "perplexity": 18.83523757304663,
      "load_sec": 3.273033380508423,
      "quant_sec": 0.6690399646759033,
      "eval_sec": 36.33044767379761,
      "layer_stats": {
        "n_layers": 196
      }
    },
    "fp6_e2m3": {
      "strategies": [
        "fp6_e2m3"
      ],
      "perplexity": 18.719316303603087,
      "load_sec": 3.1691856384277344,
      "quant_sec": 0.5853190422058105,
      "eval_sec": 36.96667170524597,
      "layer_stats": {
        "n_layers": 196
      }
    },
    "adaptive(fp6_e3m2,fp6_e2m3)": {
      "strategies": [
        "fp6_e3m2",
        "fp6_e2m3"
      ],
      "perplexity": 18.71443876315789,
      "load_sec": 3.3165693283081055,
      "quant_sec": 0.9472174644470215,
      "eval_sec": 37.41244626045227,
      "layer_stats": {
        "n_layers": 196,
        "mean_fractions": {
          "fp6_e3m2": 0.0055559249998697515,
          "fp6_e2m3": 0.9944440853230807
        }
      }
    }
  },
  "skipped_layers": [
    {
      "name": "lm_head",
      "in_features": 1024,
      "reason": "excluded"
    }
  ]
}