{
  "model": "Qwen/Qwen3-14B",
  "n_sequences": "all",
  "seq_len": 2048,
  "stride": 1024,
  "block_size": 16,
  "runs": [
    {
      "label": "fp16",
      "strategies": null
    },
    {
      "label": "fp6_e3m2",
      "strategies": [
        "fp6_e3m2"
      ]
    },
    {
      "label": "fp6_e2m3",
      "strategies": [
        "fp6_e2m3"
      ]
    },
    {
      "label": "adaptive(fp6_e3m2,fp6_e2m3)",
      "strategies": [
        "fp6_e3m2",
        "fp6_e2m3"
      ]
    }
  ],
  "results": {
    "fp16": {
      "strategies": null,
      "perplexity": 7.6740172807743825,
      "load_sec": 46.803502321243286,
      "quant_sec": 0.0,
      "eval_sec": 425.8903203010559,
      "layer_stats": {}
    },
    "fp6_e3m2": {
      "strategies": [
        "fp6_e3m2"
      ],
      "perplexity": 7.707697578698343,
      "load_sec": 27.490233659744263,
      "quant_sec": 43.00405478477478,
      "eval_sec": 425.2568588256836,
      "layer_stats": {
        "n_layers": 280
      }
    },
    "fp6_e2m3": {
      "strategies": [
        "fp6_e2m3"
      ],
      "perplexity": 7.6724980826088425,
      "load_sec": 34.536781311035156,
      "quant_sec": 42.25912141799927,
      "eval_sec": 425.158100605011,
      "layer_stats": {
        "n_layers": 280
      }
    },
    "adaptive(fp6_e3m2,fp6_e2m3)": {
      "strategies": [
        "fp6_e3m2",
        "fp6_e2m3"
      ],
      "perplexity": 7.682102588990263,
      "load_sec": 26.94384002685547,
      "quant_sec": 44.85822153091431,
      "eval_sec": 425.0913109779358,
      "layer_stats": {
        "n_layers": 280,
        "mean_fractions": {
          "fp6_e3m2": 0.0073509840244826465,
          "fp6_e2m3": 0.9926490191902433
        }
      }
    }
  },
  "skipped_layers": [
    {
      "name": "lm_head",
      "in_features": 5120,
      "reason": "excluded"
    }
  ]
}