{
  "model": "Qwen/Qwen3-1.7B",
  "n_sequences": "all",
  "seq_len": 2048,
  "stride": 1024,
  "block_size": 8,
  "runs": [
    {
      "label": "fp16",
      "strategies": null
    },
    {
      "label": "fp6_e3m2",
      "strategies": [
        "fp6_e3m2"
      ]
    },
    {
      "label": "fp6_e2m3",
      "strategies": [
        "fp6_e2m3"
      ]
    },
    {
      "label": "adaptive(fp6_e3m2,fp6_e2m3)",
      "strategies": [
        "fp6_e3m2",
        "fp6_e2m3"
      ]
    }
  ],
  "results": {
    "fp16": {
      "strategies": null,
      "perplexity": 15.030208807172404,
      "load_sec": 4.856421947479248,
      "quant_sec": 0.0,
      "eval_sec": 63.75895690917969,
      "layer_stats": {}
    },
    "fp6_e3m2": {
      "strategies": [
        "fp6_e3m2"
      ],
      "perplexity": 15.065196045635862,
      "load_sec": 5.361188173294067,
      "quant_sec": 3.9067177772521973,
      "eval_sec": 63.02217507362366,
      "layer_stats": {
        "n_layers": 196
      }
    },
    "fp6_e2m3": {
      "strategies": [
        "fp6_e2m3"
      ],
      "perplexity": 15.263270192818316,
      "load_sec": 5.222846746444702,
      "quant_sec": 3.7731714248657227,
      "eval_sec": 62.67471265792847,
      "layer_stats": {
        "n_layers": 196
      }
    },
    "adaptive(fp6_e3m2,fp6_e2m3)": {
      "strategies": [
        "fp6_e3m2",
        "fp6_e2m3"
      ],
      "perplexity": 15.289896807445269,
      "load_sec": 5.1278369426727295,
      "quant_sec": 4.216660261154175,
      "eval_sec": 62.61556529998779,
      "layer_stats": {
        "n_layers": 196,
        "mean_fractions": {
          "fp6_e3m2": 0.03627030754804003,
          "fp6_e2m3": 0.9637297011759817
        }
      }
    }
  },
  "skipped_layers": [
    {
      "name": "lm_head",
      "in_features": 2048,
      "reason": "excluded"
    }
  ]
}