{
  "model": "Qwen/Qwen3-8B",
  "n_sequences": "all",
  "seq_len": 2048,
  "stride": 1024,
  "block_size": 32,
  "runs": [
    {
      "label": "fp16",
      "strategies": null
    },
    {
      "label": "fp6_e3m2",
      "strategies": [
        "fp6_e3m2"
      ]
    },
    {
      "label": "fp6_e2m3",
      "strategies": [
        "fp6_e2m3"
      ]
    },
    {
      "label": "adaptive(fp6_e3m2,fp6_e2m3)",
      "strategies": [
        "fp6_e3m2",
        "fp6_e2m3"
      ]
    }
  ],
  "results": {
    "fp16": {
      "strategies": null,
      "perplexity": 8.677686350225414,
      "load_sec": 15.388912200927734,
      "quant_sec": 0.0,
      "eval_sec": 227.42964482307434,
      "layer_stats": {}
    },
    "fp6_e3m2": {
      "strategies": [
        "fp6_e3m2"
      ],
      "perplexity": 8.71055269577116,
      "load_sec": 19.451841354370117,
      "quant_sec": 21.013827562332153,
      "eval_sec": 226.05676555633545,
      "layer_stats": {
        "n_layers": 252
      }
    },
    "fp6_e2m3": {
      "strategies": [
        "fp6_e2m3"
      ],
      "perplexity": 8.67605248598055,
      "load_sec": 17.391782760620117,
      "quant_sec": 21.317079067230225,
      "eval_sec": 226.20213294029236,
      "layer_stats": {
        "n_layers": 252
      }
    },
    "adaptive(fp6_e3m2,fp6_e2m3)": {
      "strategies": [
        "fp6_e3m2",
        "fp6_e2m3"
      ],
      "perplexity": 8.6777340446176,
      "load_sec": 16.999064207077026,
      "quant_sec": 21.80860209465027,
      "eval_sec": 226.05503153800964,
      "layer_stats": {
        "n_layers": 252,
        "mean_fractions": {
          "fp6_e3m2": 0.003064395345207895,
          "fp6_e2m3": 0.9969356138081777
        }
      }
    }
  },
  "skipped_layers": [
    {
      "name": "lm_head",
      "in_features": 4096,
      "reason": "excluded"
    }
  ]
}