{
  "model": "Qwen/Qwen3-8B",
  "n_sequences": "all",
  "seq_len": 2048,
  "stride": 1024,
  "block_size": 16,
  "runs": [
    {
      "label": "fp16",
      "strategies": null
    },
    {
      "label": "fp6_e3m2",
      "strategies": [
        "fp6_e3m2"
      ]
    },
    {
      "label": "fp6_e2m3",
      "strategies": [
        "fp6_e2m3"
      ]
    },
    {
      "label": "adaptive(fp6_e3m2,fp6_e2m3)",
      "strategies": [
        "fp6_e3m2",
        "fp6_e2m3"
      ]
    }
  ],
  "results": {
    "fp16": {
      "strategies": null,
      "perplexity": 8.677686350225414,
      "load_sec": 17.077866554260254,
      "quant_sec": 0.0,
      "eval_sec": 227.4547414779663,
      "layer_stats": {}
    },
    "fp6_e3m2": {
      "strategies": [
        "fp6_e3m2"
      ],
      "perplexity": 8.721423082544305,
      "load_sec": 56.86498236656189,
      "quant_sec": 21.322104930877686,
      "eval_sec": 226.55187964439392,
      "layer_stats": {
        "n_layers": 252
      }
    },
    "fp6_e2m3": {
      "strategies": [
        "fp6_e2m3"
      ],
      "perplexity": 8.693564767086242,
      "load_sec": 16.9279568195343,
      "quant_sec": 22.347100734710693,
      "eval_sec": 226.58105611801147,
      "layer_stats": {
        "n_layers": 252
      }
    },
    "adaptive(fp6_e3m2,fp6_e2m3)": {
      "strategies": [
        "fp6_e3m2",
        "fp6_e2m3"
      ],
      "perplexity": 8.700583171755982,
      "load_sec": 15.39147663116455,
      "quant_sec": 23.1342351436615,
      "eval_sec": 226.12111353874207,
      "layer_stats": {
        "n_layers": 252,
        "mean_fractions": {
          "fp6_e3m2": 0.007204874612701436,
          "fp6_e2m3": 0.9927951341110562
        }
      }
    }
  },
  "skipped_layers": [
    {
      "name": "lm_head",
      "in_features": 4096,
      "reason": "excluded"
    }
  ]
}