{
  "model": "Qwen/Qwen3-0.6B",
  "n_sequences": "all",
  "seq_len": 2048,
  "stride": 1024,
  "block_size": 32,
  "runs": [
    {
      "label": "fp16",
      "strategies": null
    },
    {
      "label": "fp6_e3m2",
      "strategies": [
        "fp6_e3m2"
      ]
    },
    {
      "label": "fp6_e2m3",
      "strategies": [
        "fp6_e2m3"
      ]
    },
    {
      "label": "adaptive(fp6_e3m2,fp6_e2m3)",
      "strategies": [
        "fp6_e3m2",
        "fp6_e2m3"
      ]
    }
  ],
  "results": {
    "fp16": {
      "strategies": null,
      "perplexity": 18.428804922123675,
      "load_sec": 2.970522165298462,
      "quant_sec": 0.0,
      "eval_sec": 38.53610038757324,
      "layer_stats": {}
    },
    "fp6_e3m2": {
      "strategies": [
        "fp6_e3m2"
      ],
      "perplexity": 18.827554310204253,
      "load_sec": 2.8727262020111084,
      "quant_sec": 0.6610414981842041,
      "eval_sec": 36.43056535720825,
      "layer_stats": {
        "n_layers": 196
      }
    },
    "fp6_e2m3": {
      "strategies": [
        "fp6_e2m3"
      ],
      "perplexity": 18.828331343382512,
      "load_sec": 3.415220260620117,
      "quant_sec": 0.5238015651702881,
      "eval_sec": 36.83956813812256,
      "layer_stats": {
        "n_layers": 196
      }
    },
    "adaptive(fp6_e3m2,fp6_e2m3)": {
      "strategies": [
        "fp6_e3m2",
        "fp6_e2m3"
      ],
      "perplexity": 18.812706428730188,
      "load_sec": 3.3291282653808594,
      "quant_sec": 0.8377029895782471,
      "eval_sec": 36.41795492172241,
      "layer_stats": {
        "n_layers": 196,
        "mean_fractions": {
          "fp6_e3m2": 0.001274316505723804,
          "fp6_e2m3": 0.9987256919242897
        }
      }
    }
  },
  "skipped_layers": [
    {
      "name": "lm_head",
      "in_features": 1024,
      "reason": "excluded"
    }
  ]
}