{
  "model": "Qwen/Qwen3-1.7B",
  "n_sequences": "all",
  "seq_len": 2048,
  "stride": 1024,
  "block_size": 32,
  "runs": [
    {
      "label": "fp16",
      "strategies": null
    },
    {
      "label": "fp6_e3m2",
      "strategies": [
        "fp6_e3m2"
      ]
    },
    {
      "label": "fp6_e2m3",
      "strategies": [
        "fp6_e2m3"
      ]
    },
    {
      "label": "adaptive(fp6_e3m2,fp6_e2m3)",
      "strategies": [
        "fp6_e3m2",
        "fp6_e2m3"
      ]
    }
  ],
  "results": {
    "fp16": {
      "strategies": null,
      "perplexity": 15.030208807172404,
      "load_sec": 4.8992600440979,
      "quant_sec": 0.0,
      "eval_sec": 64.28770756721497,
      "layer_stats": {}
    },
    "fp6_e3m2": {
      "strategies": [
        "fp6_e3m2"
      ],
      "perplexity": 15.143307303598709,
      "load_sec": 5.5542919635772705,
      "quant_sec": 4.306991338729858,
      "eval_sec": 62.719295263290405,
      "layer_stats": {
        "n_layers": 196
      }
    },
    "fp6_e2m3": {
      "strategies": [
        "fp6_e2m3"
      ],
      "perplexity": 15.434532123704383,
      "load_sec": 4.936932802200317,
      "quant_sec": 3.6584572792053223,
      "eval_sec": 62.563337326049805,
      "layer_stats": {
        "n_layers": 196
      }
    },
    "adaptive(fp6_e3m2,fp6_e2m3)": {
      "strategies": [
        "fp6_e3m2",
        "fp6_e2m3"
      ],
      "perplexity": 15.510583381513706,
      "load_sec": 5.568927526473999,
      "quant_sec": 4.444774866104126,
      "eval_sec": 62.3486762046814,
      "layer_stats": {
        "n_layers": 196,
        "mean_fractions": {
          "fp6_e3m2": 0.001415771709004303,
          "fp6_e2m3": 0.9985842361133925
        }
      }
    }
  },
  "skipped_layers": [
    {
      "name": "lm_head",
      "in_features": 2048,
      "reason": "excluded"
    }
  ]
}