{
  "model": "Qwen/Qwen3-14B",
  "n_sequences": "all",
  "seq_len": 2048,
  "stride": 1024,
  "block_size": 32,
  "runs": [
    {
      "label": "fp16",
      "strategies": null
    },
    {
      "label": "fp6_e3m2",
      "strategies": [
        "fp6_e3m2"
      ]
    },
    {
      "label": "fp6_e2m3",
      "strategies": [
        "fp6_e2m3"
      ]
    },
    {
      "label": "adaptive(fp6_e3m2,fp6_e2m3)",
      "strategies": [
        "fp6_e3m2",
        "fp6_e2m3"
      ]
    }
  ],
  "results": {
    "fp16": {
      "strategies": null,
      "perplexity": 7.6740172807743825,
      "load_sec": 28.478803396224976,
      "quant_sec": 0.0,
      "eval_sec": 426.00834345817566,
      "layer_stats": {}
    },
    "fp6_e3m2": {
      "strategies": [
        "fp6_e3m2"
      ],
      "perplexity": 7.6957411050512485,
      "load_sec": 30.87470006942749,
      "quant_sec": 38.841919898986816,
      "eval_sec": 424.5370512008667,
      "layer_stats": {
        "n_layers": 280
      }
    },
    "fp6_e2m3": {
      "strategies": [
        "fp6_e2m3"
      ],
      "perplexity": 7.668905989717125,
      "load_sec": 26.920835971832275,
      "quant_sec": 38.36840581893921,
      "eval_sec": 424.8878388404846,
      "layer_stats": {
        "n_layers": 280
      }
    },
    "adaptive(fp6_e3m2,fp6_e2m3)": {
      "strategies": [
        "fp6_e3m2",
        "fp6_e2m3"
      ],
      "perplexity": 7.678130124448339,
      "load_sec": 29.650204181671143,
      "quant_sec": 42.185089349746704,
      "eval_sec": 424.72004532814026,
      "layer_stats": {
        "n_layers": 280,
        "mean_fractions": {
          "fp6_e3m2": 0.003349976695400463,
          "fp6_e2m3": 0.9966500303574971
        }
      }
    }
  },
  "skipped_layers": [
    {
      "name": "lm_head",
      "in_features": 5120,
      "reason": "excluded"
    }
  ]
}