{
  "model": "Qwen/Qwen3-0.6B",
  "n_sequences": "all",
  "seq_len": 2048,
  "stride": 1024,
  "block_size": 8,
  "runs": [
    {
      "label": "fp16",
      "strategies": null
    },
    {
      "label": "fp6_e3m2",
      "strategies": [
        "fp6_e3m2"
      ]
    },
    {
      "label": "fp6_e2m3",
      "strategies": [
        "fp6_e2m3"
      ]
    },
    {
      "label": "adaptive(fp6_e3m2,fp6_e2m3)",
      "strategies": [
        "fp6_e3m2",
        "fp6_e2m3"
      ]
    }
  ],
  "results": {
    "fp16": {
      "strategies": null,
      "perplexity": 18.428804922123675,
      "load_sec": 2.9159789085388184,
      "quant_sec": 0.0,
      "eval_sec": 37.94825339317322,
      "layer_stats": {}
    },
    "fp6_e3m2": {
      "strategies": [
        "fp6_e3m2"
      ],
      "perplexity": 18.86633300474199,
      "load_sec": 3.2289068698883057,
      "quant_sec": 0.7072126865386963,
      "eval_sec": 36.652371406555176,
      "layer_stats": {
        "n_layers": 196
      }
    },
    "fp6_e2m3": {
      "strategies": [
        "fp6_e2m3"
      ],
      "perplexity": 18.62988463753171,
      "load_sec": 3.175173282623291,
      "quant_sec": 0.5429842472076416,
      "eval_sec": 36.755465269088745,
      "layer_stats": {
        "n_layers": 196
      }
    },
    "adaptive(fp6_e3m2,fp6_e2m3)": {
      "strategies": [
        "fp6_e3m2",
        "fp6_e2m3"
      ],
      "perplexity": 18.63293719310006,
      "load_sec": 3.1714437007904053,
      "quant_sec": 0.7275469303131104,
      "eval_sec": 36.66423058509827,
      "layer_stats": {
        "n_layers": 196,
        "mean_fractions": {
          "fp6_e3m2": 0.03573770640531973,
          "fp6_e2m3": 0.9642623027368468
        }
      }
    }
  },
  "skipped_layers": [
    {
      "name": "lm_head",
      "in_features": 1024,
      "reason": "excluded"
    }
  ]
}