{
  "model": "Qwen/Qwen3-4B",
  "n_sequences": "all",
  "seq_len": 2048,
  "stride": 1024,
  "block_size": 16,
  "runs": [
    {
      "label": "fp16",
      "strategies": null
    },
    {
      "label": "fp6_e3m2",
      "strategies": [
        "fp6_e3m2"
      ]
    },
    {
      "label": "fp6_e2m3",
      "strategies": [
        "fp6_e2m3"
      ]
    },
    {
      "label": "adaptive(fp6_e3m2,fp6_e2m3)",
      "strategies": [
        "fp6_e3m2",
        "fp6_e2m3"
      ]
    }
  ],
  "results": {
    "fp16": {
      "strategies": null,
      "perplexity": 12.077111118517859,
      "load_sec": 8.718262672424316,
      "quant_sec": 0.0,
      "eval_sec": 147.2352819442749,
      "layer_stats": {}
    },
    "fp6_e3m2": {
      "strategies": [
        "fp6_e3m2"
      ],
      "perplexity": 12.331000352847546,
      "load_sec": 8.775102138519287,
      "quant_sec": 11.173347473144531,
      "eval_sec": 146.12957882881165,
      "layer_stats": {
        "n_layers": 252
      }
    },
    "fp6_e2m3": {
      "strategies": [
        "fp6_e2m3"
      ],
      "perplexity": 12.1006083872627,
      "load_sec": 11.052052021026611,
      "quant_sec": 13.044005393981934,
      "eval_sec": 145.86591148376465,
      "layer_stats": {
        "n_layers": 252
      }
    },
    "adaptive(fp6_e3m2,fp6_e2m3)": {
      "strategies": [
        "fp6_e3m2",
        "fp6_e2m3"
      ],
      "perplexity": 12.081179325440072,
      "load_sec": 8.238532304763794,
      "quant_sec": 11.632519245147705,
      "eval_sec": 146.1408896446228,
      "layer_stats": {
        "n_layers": 252,
        "mean_fractions": {
          "fp6_e3m2": 0.005395234527347225,
          "fp6_e2m3": 0.9946047909676082
        }
      }
    }
  },
  "skipped_layers": [
    {
      "name": "lm_head",
      "in_features": 2560,
      "reason": "excluded"
    }
  ]
}