{
  "model": "Qwen/Qwen3-4B",
  "n_sequences": "all",
  "seq_len": 2048,
  "stride": 1024,
  "block_size": 8,
  "runs": [
    {
      "label": "fp16",
      "strategies": null
    },
    {
      "label": "fp6_e3m2",
      "strategies": [
        "fp6_e3m2"
      ]
    },
    {
      "label": "fp6_e2m3",
      "strategies": [
        "fp6_e2m3"
      ]
    },
    {
      "label": "adaptive(fp6_e3m2,fp6_e2m3)",
      "strategies": [
        "fp6_e3m2",
        "fp6_e2m3"
      ]
    }
  ],
  "results": {
    "fp16": {
      "strategies": null,
      "perplexity": 12.077111118517859,
      "load_sec": 8.389958143234253,
      "quant_sec": 0.0,
      "eval_sec": 147.49033856391907,
      "layer_stats": {}
    },
    "fp6_e3m2": {
      "strategies": [
        "fp6_e3m2"
      ],
      "perplexity": 12.460252405710712,
      "load_sec": 8.909353256225586,
      "quant_sec": 10.998820304870605,
      "eval_sec": 145.8131721019745,
      "layer_stats": {
        "n_layers": 252
      }
    },
    "fp6_e2m3": {
      "strategies": [
        "fp6_e2m3"
      ],
      "perplexity": 12.16876581507576,
      "load_sec": 9.336016178131104,
      "quant_sec": 10.634544372558594,
      "eval_sec": 145.8566174507141,
      "layer_stats": {
        "n_layers": 252
      }
    },
    "adaptive(fp6_e3m2,fp6_e2m3)": {
      "strategies": [
        "fp6_e3m2",
        "fp6_e2m3"
      ],
      "perplexity": 12.134963831236538,
      "load_sec": 9.921592235565186,
      "quant_sec": 10.803295612335205,
      "eval_sec": 145.70693349838257,
      "layer_stats": {
        "n_layers": 252,
        "mean_fractions": {
          "fp6_e3m2": 0.0351199521461413,
          "fp6_e2m3": 0.9648800721717259
        }
      }
    }
  },
  "skipped_layers": [
    {
      "name": "lm_head",
      "in_features": 2560,
      "reason": "excluded"
    }
  ]
}