{
  "model": "Qwen/Qwen3-1.7B",
  "n_sequences": "all",
  "seq_len": 2048,
  "stride": 1024,
  "block_size": 16,
  "runs": [
    {
      "label": "fp16",
      "strategies": null
    },
    {
      "label": "fp6_e3m2",
      "strategies": [
        "fp6_e3m2"
      ]
    },
    {
      "label": "fp6_e2m3",
      "strategies": [
        "fp6_e2m3"
      ]
    },
    {
      "label": "adaptive(fp6_e3m2,fp6_e2m3)",
      "strategies": [
        "fp6_e3m2",
        "fp6_e2m3"
      ]
    }
  ],
  "results": {
    "fp16": {
      "strategies": null,
      "perplexity": 15.030208807172404,
      "load_sec": 4.8866493701934814,
      "quant_sec": 0.0,
      "eval_sec": 63.9022102355957,
      "layer_stats": {}
    },
    "fp6_e3m2": {
      "strategies": [
        "fp6_e3m2"
      ],
      "perplexity": 15.113947793577628,
      "load_sec": 5.2043962478637695,
      "quant_sec": 4.155880451202393,
      "eval_sec": 62.5563018321991,
      "layer_stats": {
        "n_layers": 196
      }
    },
    "fp6_e2m3": {
      "strategies": [
        "fp6_e2m3"
      ],
      "perplexity": 15.465480896287145,
      "load_sec": 5.17704439163208,
      "quant_sec": 3.968156099319458,
      "eval_sec": 62.970171213150024,
      "layer_stats": {
        "n_layers": 196
      }
    },
    "adaptive(fp6_e3m2,fp6_e2m3)": {
      "strategies": [
        "fp6_e3m2",
        "fp6_e2m3"
      ],
      "perplexity": 15.528967123953203,
      "load_sec": 5.89193868637085,
      "quant_sec": 4.831936359405518,
      "eval_sec": 62.55267906188965,
      "layer_stats": {
        "n_layers": 196,
        "mean_fractions": {
          "fp6_e3m2": 0.005556774862604786,
          "fp6_e2m3": 0.9944432344363661
        }
      }
    }
  },
  "skipped_layers": [
    {
      "name": "lm_head",
      "in_features": 2048,
      "reason": "excluded"
    }
  ]
}